FID	NAME	VALUE
0	CTime1	21.27
0	CTime2	41.85
0	CTime3	21.27
1	CTime2	41.80
1	CTime1	19.85
1	CTime3	19.86
2	CTime3	21.20
2	CTime1	21.19
2	CTime2	41.73
3	CTime2	41.82
3	CTime1	19.95
3	CTime3	19.95
4	CTime1	21.19
4	CTime2	41.82
4	CTime3	21.20
5	CTime2	41.80
5	CTime1	19.94
5	CTime3	19.94
6	CTime1	21.11
6	CTime2	41.73
6	CTime3	21.11
7	CTime2	41.69
7	CTime1	19.91
7	CTime3	19.91
8	CTime3	21.13
8	CTime1	21.12
8	CTime2	41.70
9	CTime3	19.96
9	CTime2	41.77
9	CTime1	19.96
10	CTime2	41.80
10	CTime1	21.15
10	CTime3	21.15
11	CTime3	19.93
11	CTime1	19.93
11	CTime2	41.77
12	CTime1	21.12
12	CTime2	41.72
12	CTime3	21.12
13	CTime1	19.54
13	CTime2	42.77
13	CTime3	19.54
14	CTime1	21.16
14	CTime2	42.82
14	CTime3	21.16
15	CTime3	22.18
15	CTime1	22.18
15	CTime2	44.02
16	CTime2	248.30
16	CTime1	20.93
16	CTime3	21.40
17	CTime1	19.99
17	CTime2	246.10
17	CTime3	19.99
18	CTime2	41.84
18	CTime1	21.17
18	CTime3	21.17
19	CTime3	20.62
19	CTime2	42.47
19	CTime1	20.62
20	CTime2	42.50
20	CTime1	21.20
20	CTime3	21.20
21	CTime3	19.86
21	CTime1	19.86
21	CTime2	41.74
22	CTime3	21.26
22	CTime1	21.25
22	CTime2	41.79
23	CTime2	41.87
23	CTime1	19.94
23	CTime3	19.95
24	CTime2	41.77
24	CTime1	21.15
24	CTime3	21.15
25	CTime3	19.85
25	CTime1	19.85
25	CTime2	41.68
26	CTime3	21.14
26	CTime2	41.66
26	CTime1	21.14
27	CTime3	19.90
27	CTime2	41.72
27	CTime1	19.90
28	CTime2	41.74
28	CTime1	21.15
28	CTime3	21.15
29	CTime3	19.94
29	CTime1	19.94
29	CTime2	41.77
30	CTime3	21.17
30	CTime2	41.79
30	CTime1	21.17
31	CTime2	41.77
31	CTime1	19.92
31	CTime3	19.92
32	CTime1	21.15
32	CTime2	41.76
32	CTime3	21.15
33	CTime1	19.46
33	CTime2	42.75
33	CTime3	19.46
34	CTime2	42.78
34	CTime1	21.19
34	CTime3	21.19
35	CTime2	41.49
35	CTime1	19.62
35	CTime3	19.62
36	CTime2	43.98
36	CTime1	21.30
36	CTime3	21.78
37	CTime3	20.45
37	CTime1	19.97
37	CTime2	45.52
38	CTime3	21.21
38	CTime2	43.05
38	CTime1	21.21
39	CTime1	19.92
39	CTime2	41.83
39	CTime3	19.92
40	CTime3	21.17
40	CTime2	41.81
40	CTime1	21.17
41	CTime3	19.82
41	CTime1	19.82
41	CTime2	41.70
42	CTime3	21.27
42	CTime2	41.79
42	CTime1	21.27
43	CTime3	20.02
43	CTime2	41.98
43	CTime1	20.01
44	CTime2	41.77
44	CTime1	21.06
44	CTime3	21.06
45	CTime1	19.92
45	CTime2	41.68
45	CTime3	19.92
46	CTime3	21.42
46	CTime1	20.95
46	CTime2	121.20
47	CTime3	20.09
47	CTime2	121.35
47	CTime1	19.97
48	CTime2	41.92
48	CTime1	21.16
48	CTime3	21.16
49	CTime2	41.76
49	CTime1	19.93
49	CTime3	19.93
50	CTime2	41.79
50	CTime1	21.20
50	CTime3	21.20
51	CTime2	41.76
51	CTime1	19.88
51	CTime3	19.88
52	CTime2	41.80
52	CTime1	21.24
52	CTime3	21.24
53	CTime3	19.49
53	CTime2	42.87
53	CTime1	19.49
54	CTime1	24.73
54	CTime2	46.35
54	CTime3	24.73
55	CTime3	19.93
55	CTime1	19.92
55	CTime2	45.35
56	CTime1	21.07
56	CTime2	41.69
56	CTime3	21.07
57	CTime2	41.47
57	CTime1	19.67
57	CTime3	19.68
58	CTime3	21.22
58	CTime2	41.61
58	CTime1	21.21
59	CTime3	19.97
59	CTime1	19.97
59	CTime2	41.88
60	CTime3	21.11
60	CTime1	21.11
60	CTime2	41.79
61	CTime3	20.05
61	CTime2	41.86
61	CTime1	20.05
62	CTime3	21.17
62	CTime2	41.90
62	CTime1	21.17
63	CTime3	19.84
63	CTime2	41.69
63	CTime1	19.84
64	CTime2	41.70
64	CTime1	21.19
64	CTime3	21.19
65	CTime3	19.94
65	CTime2	41.80
65	CTime1	19.93
66	CTime3	21.20
66	CTime1	21.20
66	CTime2	41.82
67	CTime3	19.91
67	CTime1	19.91
67	CTime2	41.79
68	CTime1	21.20
68	CTime2	41.79
68	CTime3	21.20
69	CTime3	19.83
69	CTime1	19.82
69	CTime2	41.70
70	CTime3	21.04
70	CTime2	41.55
70	CTime1	21.04
71	CTime3	20.70
71	CTime2	37.67
71	CTime1	20.70
72	CTime1	20.84
72	CTime2	239.55
72	CTime3	21.32
75	CTime2	214.88
75	CTime1	36.22
75	CTime3	37.50
76	CTime3	36.80
76	CTime2	252.07
76	CTime1	36.78
77	CTime3	21.37
77	CTime1	21.37
77	CTime2	58.91
78	CTime3	21.01
78	CTime2	43.08
78	CTime1	21.01
79	CTime3	20.53
79	CTime1	20.53
79	CTime2	62.10
80	CTime2	62.23
80	CTime1	21.13
80	CTime3	21.13
81	CTime3	22.16
81	CTime2	43.98
81	CTime1	22.16
82	CTime3	21.04
82	CTime1	21.04
82	CTime2	43.91
83	CTime1	21.33
83	CTime2	43.08
83	CTime3	21.33
84	CTime3	21.02
84	CTime1	21.02
84	CTime2	43.03
85	CTime3	21.29
85	CTime2	42.99
85	CTime1	21.29
86	CTime2	42.88
86	CTime1	20.91
86	CTime3	20.91
87	CTime3	21.37
87	CTime2	42.97
87	CTime1	21.37
88	CTime3	20.21
88	CTime1	20.20
88	CTime2	42.28
89	CTime1	21.36
89	CTime2	42.26
89	CTime3	21.36
90	CTime3	21.02
90	CTime1	21.02
90	CTime2	43.05
91	CTime3	21.30
91	CTime1	21.29
91	CTime2	43.01
92	CTime2	43.42
92	CTime1	21.43
92	CTime3	21.43
94	CTime3	568.00
94	CTime2	590.12
94	CTime1	568.00
96	CTime3	20.03
96	CTime1	20.03
96	CTime2	609.74
97	CTime3	18.96
97	CTime1	18.96
97	CTime2	62.58
98	CTime2	42.25
98	CTime1	20.71
98	CTime3	20.71
99	CTime1	19.44
99	CTime2	40.83
99	CTime3	19.44
100	CTime3	21.39
100	CTime1	21.39
100	CTime2	41.52
101	CTime3	19.36
101	CTime2	41.46
101	CTime1	19.36
102	CTime3	20.74
102	CTime2	40.80
102	CTime1	20.74
103	CTime3	19.45
103	CTime1	19.45
103	CTime2	40.89
105	CTime2	43.20
105	CTime1	23.05
105	CTime3	23.05
107	CTime2	43.17
107	CTime1	19.44
107	CTime3	19.44
108	CTime3	21.25
108	CTime1	21.25
108	CTime2	41.38
109	CTime2	41.35
109	CTime1	19.41
109	CTime3	19.42
110	CTime3	20.60
110	CTime2	40.69
110	CTime1	20.60
111	CTime3	19.48
111	CTime2	40.76
111	CTime1	19.48
112	CTime3	20.58
112	CTime2	40.74
112	CTime1	20.58
113	CTime1	19.47
113	CTime2	40.74
113	CTime3	19.47
114	CTime3	20.65
114	CTime2	40.80
114	CTime1	20.65
115	CTime1	19.47
115	CTime2	40.79
115	CTime3	19.47
116	CTime1	21.63
116	CTime2	41.78
116	CTime3	21.63
117	CTime2	41.77
117	CTime1	19.45
117	CTime3	19.45
118	CTime2	40.85
118	CTime1	20.71
118	CTime3	20.71
119	CTime1	19.23
119	CTime2	42.04
119	CTime3	19.23
120	CTime3	20.71
120	CTime1	20.71
120	CTime2	42.03
121	CTime2	40.84
121	CTime1	19.45
121	CTime3	19.45
122	CTime1	20.58
122	CTime2	40.71
122	CTime3	20.58
123	CTime3	19.36
123	CTime1	19.36
123	CTime2	40.61
124	CTime2	40.81
124	CTime1	20.77
124	CTime3	20.77
125	CTime3	19.48
125	CTime1	19.47
125	CTime2	40.93
126	CTime2	40.90
126	CTime1	20.74
126	CTime3	20.74
127	CTime1	18.81
127	CTime2	60.11
127	CTime3	18.81
128	CTime2	60.06
128	CTime1	20.70
128	CTime3	20.70
129	CTime1	19.44
129	CTime2	40.82
129	CTime3	19.44
130	CTime3	20.68
130	CTime1	20.68
130	CTime2	40.80
131	CTime3	19.49
131	CTime1	19.49
131	CTime2	40.87
132	CTime2	40.88
132	CTime1	20.70
132	CTime3	20.70
133	CTime2	40.87
133	CTime1	19.49
133	CTime3	19.49
134	CTime1	20.61
134	CTime2	40.77
134	CTime3	20.61
135	CTime3	19.49
135	CTime2	40.77
135	CTime1	19.49
136	CTime3	20.57
136	CTime2	40.74
136	CTime1	20.57
137	CTime3	19.49
137	CTime2	40.73
137	CTime1	19.49
138	CTime3	20.70
138	CTime2	40.87
138	CTime1	20.69
139	CTime3	19.04
139	CTime1	19.04
139	CTime2	41.86
140	CTime1	20.65
140	CTime2	41.79
140	CTime3	20.65
141	CTime2	51.65
141	CTime1	19.22
141	CTime3	19.70
142	CTime2	57.23
142	CTime1	20.62
142	CTime3	21.12
143	CTime3	19.48
143	CTime2	46.39
143	CTime1	19.48
144	CTime2	41.16
144	CTime1	21.00
144	CTime3	21.00
145	CTime3	19.46
145	CTime1	19.45
145	CTime2	41.15
146	CTime3	20.50
146	CTime1	20.50
146	CTime2	40.65
147	CTime2	40.67
147	CTime1	19.49
147	CTime3	19.50
148	CTime3	20.57
148	CTime1	20.57
148	CTime2	40.76
149	CTime1	19.42
149	CTime2	40.69
149	CTime3	19.42
151	CTime2	56.87
151	CTime1	22.47
151	CTime3	22.95
153	CTime3	19.40
153	CTime2	56.84
153	CTime1	19.40
154	CTime3	20.52
154	CTime2	40.61
154	CTime1	20.52
155	CTime2	41.16
155	CTime1	19.95
155	CTime3	19.95
156	CTime3	20.43
156	CTime2	41.07
156	CTime1	20.43
157	CTime3	19.46
157	CTime1	19.46
157	CTime2	40.58
158	CTime1	20.46
158	CTime2	40.60
158	CTime3	20.46
159	CTime3	19.49
159	CTime2	40.63
159	CTime1	19.48
160	CTime1	20.64
160	CTime2	40.82
160	CTime3	20.64
161	CTime3	19.86
161	CTime1	19.86
161	CTime2	42.61
162	CTime3	20.62
162	CTime1	20.62
162	CTime2	42.59
163	CTime2	40.83
163	CTime1	19.51
163	CTime3	19.51
164	CTime2	40.84
164	CTime1	20.63
164	CTime3	20.63
165	CTime3	19.46
165	CTime1	19.46
165	CTime2	40.77
166	CTime2	40.83
166	CTime1	20.68
166	CTime3	20.68
167	CTime1	19.32
167	CTime2	40.71
167	CTime3	19.32
168	CTime3	20.46
168	CTime1	20.46
168	CTime2	40.48
169	CTime3	19.45
169	CTime1	19.45
169	CTime2	40.62
170	CTime3	20.64
170	CTime1	20.64
170	CTime2	40.80
171	CTime3	19.38
171	CTime1	19.38
171	CTime2	40.69
172	CTime3	20.04
172	CTime2	60.09
172	CTime1	20.04
173	CTime3	19.48
173	CTime1	19.48
173	CTime2	60.23
174	CTime1	20.35
174	CTime2	97.89
174	CTime3	20.83
175	CTime2	97.91
175	CTime1	19.53
175	CTime3	19.53
176	CTime3	20.49
176	CTime1	20.49
176	CTime2	40.73
177	CTime3	23.29
177	CTime2	44.49
177	CTime1	23.29
178	CTime1	20.71
178	CTime2	44.71
178	CTime3	20.72
179	CTime3	19.47
179	CTime2	40.89
179	CTime1	19.47
180	CTime1	20.67
180	CTime2	40.83
180	CTime3	20.67
181	CTime3	19.14
181	CTime2	41.91
181	CTime1	19.14
183	CTime3	21.78
183	CTime1	21.78
183	CTime2	43.03
185	CTime3	19.47
185	CTime1	19.47
185	CTime2	41.95
186	CTime3	20.89
186	CTime2	41.05
186	CTime1	20.89
187	CTime1	19.50
187	CTime2	41.08
187	CTime3	19.50
188	CTime3	20.62
188	CTime1	20.62
188	CTime2	40.80
189	CTime3	19.51
189	CTime1	19.51
189	CTime2	40.82
190	CTime3	20.60
190	CTime2	40.80
190	CTime1	20.59
191	CTime3	19.48
191	CTime1	19.48
191	CTime2	40.78
192	CTime3	20.60
192	CTime2	40.76
192	CTime1	20.60
193	CTime3	19.57
193	CTime2	40.84
193	CTime1	19.57
194	CTime1	20.56
194	CTime2	40.82
194	CTime3	20.56
195	CTime2	40.76
195	CTime1	19.50
195	CTime3	19.50
196	CTime3	21.22
196	CTime2	41.49
196	CTime1	20.74
197	CTime1	19.46
197	CTime2	41.46
197	CTime3	19.46
198	CTime2	40.80
198	CTime1	20.64
198	CTime3	20.64
199	CTime2	40.79
199	CTime1	19.46
199	CTime3	19.46
200	CTime1	20.56
200	CTime2	40.72
200	CTime3	20.56
201	CTime3	19.54
201	CTime2	40.81
201	CTime1	19.54
202	CTime2	41.05
202	CTime1	20.82
202	CTime3	20.82
203	CTime2	42.12
203	CTime1	19.20
203	CTime3	19.20
204	CTime3	20.48
204	CTime1	20.48
204	CTime2	41.79
205	CTime2	40.60
205	CTime1	19.43
205	CTime3	19.43
206	CTime1	20.39
206	CTime2	62.41
206	CTime3	20.87
207	CTime2	62.37
207	CTime1	19.38
207	CTime3	19.38
208	CTime1	21.08
208	CTime2	41.16
208	CTime3	21.08
209	CTime2	41.27
209	CTime1	19.50
209	CTime3	19.50
210	CTime1	21.48
210	CTime2	41.66
210	CTime3	21.48
211	CTime3	19.54
211	CTime1	19.54
211	CTime2	41.70
212	CTime3	20.68
212	CTime2	40.91
212	CTime1	20.68
213	CTime3	19.19
213	CTime1	19.19
213	CTime2	40.56
214	CTime3	20.65
214	CTime1	20.64
214	CTime2	40.52
215	CTime1	19.48
215	CTime2	40.82
215	CTime3	19.48
216	CTime3	21.07
216	CTime1	20.58
216	CTime2	42.89
217	CTime3	19.56
217	CTime2	42.95
217	CTime1	19.56
218	CTime1	20.88
218	CTime2	41.11
218	CTime3	20.88
219	CTime3	19.44
219	CTime1	19.44
219	CTime2	40.99
220	CTime3	21.13
220	CTime1	20.65
220	CTime2	185.44
221	CTime3	20.12
221	CTime2	186.73
221	CTime1	19.64
222	CTime3	20.63
222	CTime1	20.63
222	CTime2	42.05
223	CTime3	19.69
223	CTime1	19.21
223	CTime2	42.61
224	CTime2	42.66
224	CTime1	20.66
224	CTime3	20.66
225	CTime3	20.05
225	CTime2	41.42
225	CTime1	19.57
226	CTime3	20.64
226	CTime2	41.39
226	CTime1	20.64
227	CTime3	19.94
227	CTime2	41.27
227	CTime1	19.53
228	CTime1	20.46
228	CTime2	41.08
228	CTime3	20.46
229	CTime2	65.49
229	CTime1	18.89
229	CTime3	18.89
230	CTime3	21.01
230	CTime2	66.05
230	CTime1	21.01
231	CTime1	19.46
231	CTime2	41.17
231	CTime3	19.46
232	CTime3	20.62
232	CTime2	40.78
232	CTime1	20.62
233	CTime3	19.53
233	CTime1	19.52
233	CTime2	40.83
234	CTime2	551.31
234	CTime1	20.12
234	CTime3	20.12
235	CTime2	551.16
235	CTime1	19.37
235	CTime3	19.37
236	CTime3	20.58
236	CTime1	20.58
236	CTime2	40.64
237	CTime1	19.44
237	CTime2	40.70
237	CTime3	19.44
238	CTime3	20.66
238	CTime1	20.66
238	CTime2	40.78
239	CTime3	19.47
239	CTime1	19.46
239	CTime2	40.81
240	CTime3	20.58
240	CTime1	20.58
240	CTime2	40.73
241	CTime3	19.44
241	CTime2	40.69
241	CTime1	19.44
242	CTime3	20.67
242	CTime2	40.78
242	CTime1	20.67
243	CTime3	19.03
243	CTime1	19.03
243	CTime2	41.80
244	CTime3	20.68
244	CTime2	41.81
244	CTime1	20.68
245	CTime3	19.42
245	CTime1	19.42
245	CTime2	40.79
246	CTime3	20.70
246	CTime1	20.70
246	CTime2	40.82
247	CTime3	19.47
247	CTime2	40.86
247	CTime1	19.47
248	CTime1	20.61
248	CTime2	40.77
248	CTime3	20.61
249	CTime3	19.36
249	CTime1	19.36
249	CTime2	40.66
250	CTime2	44.88
250	CTime1	24.85
250	CTime3	24.85
251	CTime3	19.58
251	CTime1	19.58
251	CTime2	45.10
252	CTime1	20.47
252	CTime2	40.73
252	CTime3	20.47
253	CTime2	40.72
253	CTime1	19.57
253	CTime3	19.57
254	CTime3	20.71
254	CTime2	40.97
254	CTime1	20.71
255	CTime3	19.55
255	CTime2	40.95
255	CTime1	19.55
256	CTime3	20.59
256	CTime2	40.84
256	CTime1	20.59
257	CTime3	19.50
257	CTime2	40.79
257	CTime1	19.50
258	CTime1	20.57
258	CTime2	40.76
258	CTime3	20.57
259	CTime2	40.77
259	CTime1	19.52
259	CTime3	19.53
260	CTime3	20.64
260	CTime2	40.85
260	CTime1	20.64
261	CTime2	40.85
261	CTime1	19.52
261	CTime3	19.52
262	CTime3	20.58
262	CTime2	40.78
262	CTime1	20.58
263	CTime2	41.76
263	CTime1	19.08
263	CTime3	19.08
264	CTime2	41.73
264	CTime1	20.54
264	CTime3	20.54
265	CTime2	40.75
265	CTime1	19.51
265	CTime3	19.52
266	CTime3	21.64
266	CTime2	162.20
266	CTime1	21.14
267	CTime3	19.41
267	CTime2	162.10
267	CTime1	19.41
268	CTime2	39.52
268	CTime1	19.43
268	CTime3	19.43
269	CTime1	19.39
269	CTime2	39.49
269	CTime3	19.39
270	CTime3	20.41
270	CTime2	40.49
270	CTime1	20.41
271	CTime3	19.52
271	CTime2	40.63
271	CTime1	19.52
272	CTime2	40.77
272	CTime1	20.55
272	CTime3	20.55
273	CTime2	40.72
273	CTime1	19.48
273	CTime3	19.48
274	CTime3	20.58
274	CTime2	40.73
274	CTime1	20.58
275	CTime2	40.76
275	CTime1	19.49
275	CTime3	19.49
276	CTime1	41.00
276	CTime2	65.35
276	CTime3	41.48
277	CTime2	69.27
277	CTime1	23.39
277	CTime3	23.39
278	CTime3	20.80
278	CTime2	44.90
278	CTime1	20.80
279	CTime3	20.78
279	CTime1	20.78
279	CTime2	42.26
280	CTime3	21.13
280	CTime2	42.60
280	CTime1	21.13
281	CTime3	20.94
281	CTime2	42.77
281	CTime1	20.94
282	CTime2	42.59
282	CTime1	20.95
282	CTime3	20.95
285	CTime3	37.69
285	CTime1	36.74
285	CTime2	89.63
286	CTime2	126.97
286	CTime1	36.94
286	CTime3	36.96
287	CTime1	20.38
287	CTime2	341.14
287	CTime3	20.38
288	CTime3	22.60
288	CTime1	22.60
288	CTime2	401.42
289	CTime2	44.41
289	CTime1	21.12
289	CTime3	21.12
290	CTime2	45.58
290	CTime1	23.77
290	CTime3	23.77
291	CTime3	21.08
291	CTime1	21.08
291	CTime2	45.54
292	CTime2	43.43
292	CTime1	21.67
292	CTime3	21.67
293	CTime2	43.38
293	CTime1	21.04
293	CTime3	21.04
294	CTime3	21.54
294	CTime2	43.25
294	CTime1	21.53
295	CTime3	21.09
295	CTime2	43.30
295	CTime1	21.09
296	CTime1	22.34
296	CTime2	44.10
296	CTime3	22.34
297	CTime2	44.23
297	CTime1	21.22
297	CTime3	21.22
299	CTime3	23.39
299	CTime1	23.39
299	CTime2	45.29
301	CTime3	21.13
301	CTime2	45.20
301	CTime1	21.13
302	CTime3	21.58
302	CTime1	21.58
302	CTime2	43.40
303	CTime3	20.99
303	CTime2	43.26
303	CTime1	20.99
304	CTime2	43.41
304	CTime1	21.73
304	CTime3	21.73
305	CTime3	21.04
305	CTime1	21.04
305	CTime2	43.45
306	CTime1	21.90
306	CTime2	43.62
306	CTime3	21.90
307	CTime2	44.65
307	CTime1	20.65
307	CTime3	20.66
308	CTime3	23.81
308	CTime1	23.81
308	CTime2	46.55
309	CTime2	45.58
309	CTime1	21.09
309	CTime3	21.09
310	CTime1	21.72
310	CTime2	43.50
310	CTime3	21.72
312	CTime3	23.37
312	CTime1	23.37
312	CTime2	45.79
314	CTime3	21.80
314	CTime2	45.87
314	CTime1	21.79
315	CTime2	45.19
315	CTime1	22.70
315	CTime3	22.70
316	CTime3	21.39
316	CTime2	44.77
316	CTime1	21.39
317	CTime3	20.98
317	CTime2	43.03
317	CTime1	20.98
318	CTime2	43.06
318	CTime1	21.40
318	CTime3	21.40
319	CTime2	205.58
319	CTime1	20.85
319	CTime3	21.28
320	CTime2	248.66
320	CTime1	21.00
320	CTime3	21.00
321	CTime1	21.52
321	CTime2	43.20
321	CTime3	21.52
322	CTime1	20.88
322	CTime2	43.10
322	CTime3	20.88
323	CTime2	43.06
323	CTime1	21.49
323	CTime3	21.49
324	CTime2	45.69
324	CTime1	23.52
324	CTime3	23.52
325	CTime2	45.52
325	CTime1	21.32
325	CTime3	21.32
326	CTime3	21.10
326	CTime2	43.10
326	CTime1	21.10
327	CTime3	21.38
327	CTime2	43.18
327	CTime1	21.38
328	CTime3	21.19
328	CTime1	21.19
328	CTime2	43.26
329	CTime3	21.12
329	CTime2	44.53
329	CTime1	21.12
330	CTime1	20.96
330	CTime2	44.31
330	CTime3	20.96
331	CTime2	43.10
331	CTime1	21.44
331	CTime3	21.45
332	CTime2	44.82
332	CTime1	21.25
332	CTime3	21.68
333	CTime1	21.59
333	CTime2	44.97
333	CTime3	21.60
334	CTime1	21.20
334	CTime2	43.49
334	CTime3	21.20
335	CTime1	21.53
335	CTime2	43.42
335	CTime3	21.54
336	CTime3	21.32
336	CTime1	20.89
336	CTime2	105.56
337	CTime1	21.21
337	CTime2	105.25
337	CTime3	21.21
338	CTime1	21.11
338	CTime2	43.04
338	CTime3	21.11
339	CTime2	43.47
339	CTime1	21.64
339	CTime3	21.64
340	CTime3	21.11
340	CTime1	21.11
340	CTime2	43.46
341	CTime3	21.45
341	CTime2	43.26
341	CTime1	21.45
342	CTime3	21.08
342	CTime2	43.20
342	CTime1	21.08
343	CTime3	21.51
343	CTime2	43.28
343	CTime1	21.51
344	CTime3	20.99
344	CTime2	43.19
344	CTime1	20.99
345	CTime1	21.58
345	CTime2	43.25
345	CTime3	21.58
346	CTime2	43.41
346	CTime1	21.16
346	CTime3	21.16
347	CTime2	43.18
347	CTime1	21.35
347	CTime3	21.35
348	CTime1	22.67
348	CTime2	44.69
348	CTime3	22.67
349	CTime1	21.14
349	CTime2	46.02
349	CTime3	21.14
350	CTime2	255.81
350	CTime1	20.88
350	CTime3	21.31
351	CTime1	21.49
351	CTime2	254.61
351	CTime3	21.49
352	CTime1	21.13
352	CTime2	43.29
352	CTime3	21.13
353	CTime2	43.26
353	CTime1	21.45
353	CTime3	21.45
354	CTime3	21.07
354	CTime2	43.20
354	CTime1	21.07
355	CTime3	21.53
355	CTime1	21.53
355	CTime2	43.28
356	CTime1	21.16
356	CTime2	43.37
356	CTime3	21.16
357	CTime3	21.52
357	CTime2	43.34
357	CTime1	21.51
358	CTime3	21.09
358	CTime2	43.29
358	CTime1	21.09
359	CTime2	43.18
359	CTime1	21.39
359	CTime3	21.39
360	CTime2	43.21
360	CTime1	21.13
360	CTime3	21.13
361	CTime2	43.64
361	CTime1	21.82
361	CTime3	21.82
362	CTime3	21.14
362	CTime1	21.14
362	CTime2	43.67
363	CTime1	20.86
363	CTime2	62.67
363	CTime3	20.86
364	CTime2	62.54
364	CTime1	21.01
364	CTime3	21.01
365	CTime3	21.38
365	CTime1	21.38
365	CTime2	43.11
366	CTime1	21.19
366	CTime2	43.27
366	CTime3	21.19
367	CTime1	21.52
367	CTime2	43.38
367	CTime3	21.52
368	CTime3	21.11
368	CTime1	21.11
368	CTime2	43.29
369	CTime3	21.17
369	CTime2	44.49
369	CTime1	21.17
370	CTime3	21.10
370	CTime2	44.49
370	CTime1	21.09
371	CTime3	21.47
371	CTime2	43.25
371	CTime1	21.47
372	CTime1	20.88
372	CTime2	81.72
372	CTime3	21.31
373	CTime3	21.65
373	CTime2	81.92
373	CTime1	21.65
374	CTime2	44.83
374	CTime1	21.22
374	CTime3	21.65
375	CTime3	21.59
375	CTime2	44.75
375	CTime1	21.59
376	CTime3	23.54
376	CTime1	23.25
376	CTime2	45.82
377	CTime1	22.34
377	CTime2	46.57
377	CTime3	22.34
378	CTime2	44.10
378	CTime1	21.07
378	CTime3	21.07
379	CTime2	43.32
379	CTime1	21.58
379	CTime3	21.58
380	CTime2	43.26
380	CTime1	21.00
380	CTime3	21.00
381	CTime2	43.23
381	CTime1	21.55
381	CTime3	21.55
382	CTime1	21.07
382	CTime2	43.28
382	CTime3	21.07
383	CTime3	21.70
383	CTime1	21.70
383	CTime2	43.43
384	CTime3	21.25
384	CTime2	43.62
384	CTime1	21.24
385	CTime3	21.35
385	CTime2	43.28
385	CTime1	21.35
386	CTime3	21.51
386	CTime2	43.55
386	CTime1	21.27
387	CTime3	21.25
387	CTime1	21.25
387	CTime2	43.45
388	CTime3	21.64
388	CTime2	46.66
388	CTime1	21.21
389	CTime3	21.10
389	CTime1	21.10
389	CTime2	48.03
390	CTime2	44.38
390	CTime1	21.06
390	CTime3	21.06
391	CTime3	21.47
391	CTime1	21.47
391	CTime2	43.20
392	CTime3	20.97
392	CTime2	43.13
392	CTime1	20.97
393	CTime1	21.33
393	CTime2	43.02
393	CTime3	21.33
394	CTime1	21.14
394	CTime2	43.17
394	CTime3	21.14
395	CTime3	21.54
395	CTime1	21.54
395	CTime2	43.37
396	CTime3	21.48
396	CTime2	43.70
396	CTime1	21.23
397	CTime1	21.66
397	CTime2	43.81
397	CTime3	21.66
398	CTime1	21.18
398	CTime2	43.89
398	CTime3	21.54
399	CTime3	21.62
399	CTime1	21.19
399	CTime2	87.82
400	CTime3	21.63
400	CTime2	90.50
400	CTime1	21.20
401	CTime3	21.55
401	CTime1	21.54
401	CTime2	46.47
402	CTime1	21.06
402	CTime2	43.29
402	CTime3	21.06
403	CTime3	21.31
403	CTime1	21.31
403	CTime2	43.06
404	CTime3	21.42
404	CTime2	43.43
404	CTime1	21.25
405	CTime3	21.68
405	CTime2	331.42
405	CTime1	21.24
406	CTime3	21.31
406	CTime2	342.44
406	CTime1	20.88
407	CTime1	21.64
407	CTime2	54.77
407	CTime3	21.64
408	CTime2	26.55
408	CTime1	21.90
408	CTime3	22.34
409	CTime3	20.68
409	CTime2	70.96
409	CTime1	20.68
410	CTime2	245.98
410	CTime1	21.21
410	CTime3	21.65
411	CTime1	21.10
411	CTime2	244.98
411	CTime3	21.10
412	CTime3	21.45
412	CTime1	21.45
412	CTime2	43.23
413	CTime3	21.09
413	CTime2	43.22
413	CTime1	21.09
414	CTime2	43.16
414	CTime1	21.39
414	CTime3	21.39
415	CTime3	21.11
415	CTime2	43.18
415	CTime1	21.11
416	CTime1	21.35
416	CTime2	43.16
416	CTime3	21.35
417	CTime3	21.11
417	CTime2	43.16
417	CTime1	21.11
418	CTime2	43.29
418	CTime1	21.50
418	CTime3	21.50
419	CTime1	21.17
419	CTime2	43.35
419	CTime3	21.17
420	CTime3	21.63
420	CTime1	21.63
420	CTime2	43.50
421	CTime2	44.99
421	CTime1	21.22
421	CTime3	21.65
422	CTime1	21.52
422	CTime2	44.84
422	CTime3	21.52
423	CTime3	21.31
423	CTime1	20.88
423	CTime2	86.02
424	CTime3	21.60
424	CTime2	86.13
424	CTime1	21.60
425	CTime3	23.99
425	CTime1	23.98
425	CTime2	46.28
426	CTime3	21.10
426	CTime2	27.04
426	CTime1	20.67
427	CTime3	21.19
427	CTime1	20.76
427	CTime2	27.02
428	CTime1	20.75
428	CTime2	26.96
428	CTime3	21.18
429	CTime3	21.03
429	CTime2	27.56
429	CTime1	20.60
430	CTime3	21.21
430	CTime2	27.07
430	CTime1	20.78
431	CTime1	20.71
431	CTime2	26.99
431	CTime3	21.14
432	CTime2	208.66
432	CTime1	21.36
432	CTime3	21.36
433	CTime2	42.94
433	CTime1	20.88
433	CTime3	20.88
434	CTime1	21.50
434	CTime2	43.10
434	CTime3	21.50
435	CTime3	21.48
435	CTime2	25.68
435	CTime1	21.04
436	CTime3	21.38
436	CTime1	20.95
436	CTime2	25.57
437	CTime1	21.08
437	CTime2	94.51
437	CTime3	21.08
438	CTime1	21.60
438	CTime2	44.79
438	CTime3	22.03
439	CTime1	21.11
439	CTime2	44.84
439	CTime3	21.12
440	CTime2	45.80
440	CTime1	21.61
440	CTime3	22.04
441	CTime3	20.97
441	CTime1	20.97
441	CTime2	45.66
442	CTime2	43.08
442	CTime1	21.41
442	CTime3	21.41
443	CTime3	20.66
443	CTime1	20.66
443	CTime2	42.75
444	CTime3	21.41
444	CTime2	42.74
444	CTime1	21.41
445	CTime2	43.03
445	CTime1	20.93
445	CTime3	20.93
446	CTime2	43.21
446	CTime1	21.58
446	CTime3	21.58
447	CTime1	21.09
447	CTime2	43.35
447	CTime3	21.09
448	CTime2	43.12
448	CTime1	21.33
448	CTime3	21.33
449	CTime3	20.61
449	CTime1	20.61
449	CTime2	44.05
450	CTime2	44.15
450	CTime1	21.43
450	CTime3	21.43
451	CTime3	21.04
451	CTime2	43.15
451	CTime1	21.04
452	CTime3	21.54
452	CTime2	43.25
452	CTime1	21.54
453	CTime1	21.14
453	CTime2	43.36
453	CTime3	21.14
454	CTime3	21.47
454	CTime2	43.28
454	CTime1	21.46
455	CTime2	43.17
455	CTime1	21.03
455	CTime3	21.03
456	CTime1	21.32
456	CTime2	43.03
456	CTime3	21.32
457	CTime2	33.61
457	CTime1	20.95
457	CTime3	21.38
458	CTime3	21.01
458	CTime2	76.62
458	CTime1	21.01
459	CTime2	50.38
459	CTime1	21.46
459	CTime3	21.89
460	CTime1	21.06
460	CTime2	50.44
460	CTime3	21.06
461	CTime1	21.52
461	CTime2	43.26
461	CTime3	21.52
462	CTime3	21.03
462	CTime1	21.03
462	CTime2	43.21
463	CTime2	43.01
463	CTime1	21.31
463	CTime3	21.31
464	CTime1	21.11
464	CTime2	43.10
464	CTime3	21.11
465	CTime1	21.58
465	CTime2	43.37
465	CTime3	21.58
466	CTime1	21.11
466	CTime2	43.37
466	CTime3	21.11
467	CTime2	43.28
467	CTime1	21.49
467	CTime3	21.49
468	CTime3	21.09
468	CTime1	21.09
468	CTime2	43.26
469	CTime2	39.39
469	CTime1	20.43
469	CTime3	20.88
470	CTime3	21.60
470	CTime2	116.42
470	CTime1	21.17
472	CTime1	23.80
472	CTime2	79.77
472	CTime3	23.80
474	CTime3	21.44
474	CTime1	21.44
474	CTime2	45.97
475	CTime2	43.17
475	CTime1	21.02
475	CTime3	21.02
478	CTime3	37.91
478	CTime1	36.95
478	CTime2	198.38
479	CTime3	36.47
479	CTime1	36.44
479	CTime2	235.22
480	CTime1	21.69
480	CTime2	58.91
480	CTime3	21.70
481	CTime1	20.77
481	CTime2	89.14
481	CTime3	21.24
482	CTime1	21.00
482	CTime2	1146.65
482	CTime3	21.00
483	CTime1	20.62
483	CTime2	1113.40
483	CTime3	21.09
484	CTime3	21.63
484	CTime2	55.78
484	CTime1	21.63
485	CTime2	47.06
485	CTime1	21.03
485	CTime3	21.51
486	CTime3	21.70
486	CTime1	21.70
486	CTime2	47.13
487	CTime3	20.95
487	CTime1	20.95
487	CTime2	43.33
488	CTime3	21.91
488	CTime2	43.83
488	CTime1	21.44
489	CTime3	20.94
489	CTime1	20.94
489	CTime2	43.83
490	CTime3	21.57
490	CTime2	43.22
490	CTime1	21.57
491	CTime3	20.95
491	CTime2	43.23
491	CTime1	20.95
492	CTime1	21.61
492	CTime2	43.25
492	CTime3	21.61
493	CTime3	21.54
493	CTime2	44.34
493	CTime1	21.06
494	CTime3	21.60
494	CTime2	44.33
494	CTime1	21.59
495	CTime3	20.94
495	CTime1	20.93
495	CTime2	43.22
496	CTime3	21.52
496	CTime1	21.52
496	CTime2	43.14
497	CTime2	43.08
497	CTime1	20.88
497	CTime3	20.88
498	CTime3	21.94
498	CTime1	21.94
498	CTime2	45.05
499	CTime3	20.84
499	CTime1	20.84
499	CTime2	45.00
500	CTime2	42.70
500	CTime1	21.17
500	CTime3	21.18
501	CTime3	20.87
501	CTime1	20.87
501	CTime2	42.74
502	CTime3	21.45
502	CTime1	21.45
502	CTime2	43.03
503	CTime3	21.11
503	CTime2	228.99
503	CTime1	20.64
504	CTime3	21.70
504	CTime1	21.22
504	CTime2	274.67
505	CTime1	21.08
505	CTime2	92.00
505	CTime3	21.56
506	CTime1	21.62
506	CTime2	46.75
506	CTime3	21.89
507	CTime1	20.85
507	CTime2	43.43
507	CTime3	20.85
508	CTime1	21.47
508	CTime2	43.00
508	CTime3	21.47
509	CTime3	22.97
509	CTime1	22.97
509	CTime2	45.13
510	CTime2	45.24
510	CTime1	21.55
510	CTime3	21.55
511	CTime3	21.95
511	CTime2	44.21
511	CTime1	21.95
512	CTime3	21.47
512	CTime1	21.47
512	CTime2	44.11
513	CTime3	20.99
513	CTime1	20.99
513	CTime2	43.15
514	CTime1	21.40
514	CTime2	43.07
514	CTime3	21.40
515	CTime3	20.91
515	CTime2	43.00
515	CTime1	20.91
516	CTime2	43.30
516	CTime1	21.70
516	CTime3	21.70
517	CTime3	23.21
517	CTime1	23.21
517	CTime2	45.60
518	CTime1	21.10
518	CTime2	46.55
518	CTime3	21.10
519	CTime3	20.97
519	CTime1	20.97
519	CTime2	44.30
520	CTime1	21.60
520	CTime2	43.26
520	CTime3	21.60
521	CTime1	20.95
521	CTime2	43.24
521	CTime3	20.95
522	CTime3	23.64
522	CTime1	23.64
522	CTime2	45.27
523	CTime2	45.29
523	CTime1	20.97
523	CTime3	20.97
524	CTime2	43.19
524	CTime1	21.55
524	CTime3	21.55
525	CTime1	20.98
525	CTime2	43.21
525	CTime3	20.99
526	CTime1	21.49
526	CTime2	76.63
526	CTime3	21.97
527	CTime2	76.59
527	CTime1	20.95
527	CTime3	20.95
528	CTime2	186.60
528	CTime1	21.43
528	CTime3	21.91
529	CTime2	53.27
529	CTime1	20.95
529	CTime3	21.43
530	CTime2	239.95
530	CTime1	21.02
530	CTime3	21.02
531	CTime3	21.40
531	CTime1	21.40
531	CTime2	43.13
532	CTime1	20.94
532	CTime2	43.03
532	CTime3	20.94
533	CTime2	33.87
533	CTime1	20.63
533	CTime3	21.11
534	CTime1	21.58
534	CTime2	77.07
534	CTime3	21.59
536	CTime2	45.96
536	CTime1	23.68
536	CTime3	23.68
538	CTime3	21.61
538	CTime2	45.99
538	CTime1	21.61
539	CTime2	43.24
539	CTime1	20.93
539	CTime3	20.93
540	CTime1	21.20
540	CTime2	44.37
540	CTime3	21.20
541	CTime3	21.04
541	CTime1	21.04
541	CTime2	44.47
542	CTime2	43.33
542	CTime1	21.61
542	CTime3	21.61
543	CTime2	43.22
543	CTime1	20.92
543	CTime3	20.93
544	CTime1	21.69
544	CTime2	43.28
544	CTime3	21.69
545	CTime2	43.43
545	CTime1	21.07
545	CTime3	21.07
546	CTime3	21.64
546	CTime2	43.41
546	CTime1	21.63
547	CTime3	20.96
547	CTime1	20.96
547	CTime2	43.30
548	CTime1	21.52
548	CTime2	43.17
548	CTime3	21.52
549	CTime2	43.23
549	CTime1	21.03
549	CTime3	21.03
550	CTime3	21.44
550	CTime1	21.44
550	CTime2	43.15
551	CTime1	21.00
551	CTime2	43.13
551	CTime3	21.00
552	CTime1	21.51
552	CTime2	43.20
552	CTime3	21.52
553	CTime3	20.86
553	CTime1	20.86
553	CTime2	43.07
554	CTime1	21.71
554	CTime2	43.27
554	CTime3	21.72
555	CTime1	21.01
555	CTime2	43.41
555	CTime3	21.01
556	CTime2	43.29
556	CTime1	21.61
556	CTime3	21.61
557	CTime2	43.28
557	CTime1	21.00
557	CTime3	21.00
558	CTime1	21.63
558	CTime2	43.32
558	CTime3	21.63
559	CTime3	20.89
559	CTime1	20.89
559	CTime2	43.22
560	CTime3	21.23
560	CTime1	21.23
560	CTime2	44.36
561	CTime1	20.99
561	CTime2	44.45
561	CTime3	20.99
562	CTime1	21.48
562	CTime2	43.15
562	CTime3	21.48
563	CTime3	21.05
563	CTime1	21.05
563	CTime2	43.21
564	CTime2	43.43
564	CTime1	21.69
564	CTime3	21.69
565	CTime2	43.20
565	CTime1	20.83
565	CTime3	20.83
566	CTime2	61.48
566	CTime1	21.43
566	CTime3	21.91
567	CTime2	64.07
567	CTime1	21.12
567	CTime3	21.59
568	CTime3	21.67
568	CTime1	21.67
568	CTime2	45.77
569	CTime2	43.34
569	CTime1	20.98
569	CTime3	20.98
570	CTime3	21.52
570	CTime1	21.52
570	CTime2	43.19
571	CTime1	22.59
571	CTime2	38.70
571	CTime3	22.59
572	CTime1	22.25
572	CTime2	61.32
572	CTime3	22.25
573	CTime3	21.73
573	CTime1	21.73
573	CTime2	44.73
574	CTime1	21.51
574	CTime2	43.96
574	CTime3	21.51
575	CTime3	21.04
575	CTime2	43.24
575	CTime1	21.04
577	CTime1	30.20
577	CTime2	51.92
577	CTime3	30.20
579	CTime2	51.89
579	CTime1	20.99
579	CTime3	20.99
580	CTime3	21.59
580	CTime2	43.30
580	CTime1	21.59
581	CTime3	21.06
581	CTime1	21.06
581	CTime2	43.36
582	CTime1	21.53
582	CTime2	43.31
582	CTime3	21.53
583	CTime2	46.28
583	CTime1	24.05
583	CTime3	24.05
584	CTime2	46.34
584	CTime1	21.59
584	CTime3	21.59
585	CTime3	20.89
585	CTime2	43.19
585	CTime1	20.89
586	CTime3	21.66
586	CTime1	21.66
586	CTime2	43.24
587	CTime2	43.39
587	CTime1	21.04
587	CTime3	21.05
588	CTime3	21.57
588	CTime2	43.30
588	CTime1	21.57
589	CTime3	21.03
589	CTime2	43.28
589	CTime1	21.03
590	CTime2	43.19
590	CTime1	21.48
590	CTime3	21.48
591	CTime2	43.18
591	CTime1	21.01
591	CTime3	21.02
592	CTime3	21.70
592	CTime1	21.70
592	CTime2	43.40
593	CTime2	44.33
593	CTime1	20.52
593	CTime3	20.53
594	CTime1	21.48
594	CTime2	44.10
594	CTime3	21.48
595	CTime2	43.15
595	CTime1	20.98
595	CTime3	20.98
596	CTime2	43.21
596	CTime1	21.54
596	CTime3	21.54
597	CTime3	20.96
597	CTime1	20.96
597	CTime2	43.19
598	CTime1	21.67
598	CTime2	43.32
598	CTime3	21.67
599	CTime3	20.95
599	CTime2	43.29
599	CTime1	20.94
600	CTime2	43.10
600	CTime1	21.47
600	CTime3	21.47
601	CTime1	21.06
601	CTime2	43.21
601	CTime3	21.06
602	CTime3	22.27
602	CTime1	21.79
602	CTime2	49.88
603	CTime3	20.89
603	CTime2	49.70
603	CTime1	20.89
604	CTime1	25.53
604	CTime2	47.09
604	CTime3	25.53
605	CTime1	20.90
605	CTime2	47.12
605	CTime3	20.90
606	CTime3	21.38
606	CTime1	21.38
606	CTime2	42.96
607	CTime3	21.02
607	CTime1	21.02
607	CTime2	43.08
608	CTime1	21.50
608	CTime2	43.22
608	CTime3	21.50
609	CTime3	20.96
609	CTime1	20.96
609	CTime2	43.15
610	CTime3	21.47
610	CTime2	43.11
610	CTime1	21.47
611	CTime2	43.17
611	CTime1	20.99
611	CTime3	20.99
612	CTime3	21.59
612	CTime1	21.59
612	CTime2	43.30
613	CTime3	20.54
613	CTime1	20.54
613	CTime2	44.24
614	CTime3	21.51
614	CTime2	44.14
614	CTime1	21.51
615	CTime3	20.91
615	CTime2	43.10
615	CTime1	20.91
616	CTime1	21.60
616	CTime2	43.20
616	CTime3	21.60
618	CTime2	44.89
618	CTime1	22.60
618	CTime3	22.60
620	CTime1	21.58
620	CTime2	51.75
620	CTime3	22.05
621	CTime3	21.09
621	CTime1	21.09
621	CTime2	50.24
622	CTime1	20.57
622	CTime2	26.90
622	CTime3	21.04
623	CTime3	21.11
623	CTime1	20.63
623	CTime2	26.94
624	CTime3	21.09
624	CTime2	26.94
624	CTime1	20.61
625	CTime3	21.17
625	CTime1	20.69
625	CTime2	27.05
626	CTime3	21.10
626	CTime1	20.62
626	CTime2	154.52
627	CTime2	33.01
627	CTime1	20.64
627	CTime3	21.12
628	CTime3	21.08
628	CTime1	20.60
628	CTime2	47.74
629	CTime2	163.34
629	CTime1	20.60
629	CTime3	21.08
630	CTime3	21.81
630	CTime2	550.03
630	CTime1	21.80
631	CTime3	21.07
631	CTime2	43.54
631	CTime1	21.06
632	CTime1	21.67
632	CTime2	43.41
632	CTime3	21.67
633	CTime3	21.03
633	CTime1	21.03
633	CTime2	43.38
634	CTime3	21.57
634	CTime1	21.57
634	CTime2	43.27
635	CTime3	20.57
635	CTime2	44.23
635	CTime1	20.57
636	CTime1	20.60
636	CTime2	33.56
636	CTime3	21.07
637	CTime2	77.74
637	CTime1	21.52
637	CTime3	21.52
638	CTime3	21.57
638	CTime1	21.09
638	CTime2	152.04
640	CTime3	37.34
640	CTime1	37.34
640	CTime2	211.57
642	CTime2	59.62
642	CTime1	21.59
642	CTime3	21.59
643	CTime3	20.74
643	CTime2	43.04
643	CTime1	20.74
644	CTime3	21.53
644	CTime1	21.53
644	CTime2	42.98
645	CTime2	43.28
645	CTime1	21.06
645	CTime3	21.06
646	CTime2	43.33
646	CTime1	21.58
646	CTime3	21.58
647	CTime1	21.00
647	CTime2	43.26
647	CTime3	21.00
648	CTime3	21.55
648	CTime2	43.22
648	CTime1	21.55
649	CTime2	43.11
649	CTime1	20.89
649	CTime3	20.89
650	CTime2	43.22
650	CTime1	21.66
650	CTime3	21.66
651	CTime1	21.02
651	CTime2	43.35
651	CTime3	21.02
652	CTime2	43.19
652	CTime1	21.49
652	CTime3	21.49
653	CTime3	20.23
653	CTime1	20.23
653	CTime2	62.26
654	CTime3	21.47
654	CTime1	21.47
654	CTime2	62.23
655	CTime2	43.07
655	CTime1	20.93
655	CTime3	20.93
656	CTime3	21.79
656	CTime1	21.79
656	CTime2	43.40
657	CTime3	20.55
657	CTime2	44.44
657	CTime1	20.55
658	CTime2	44.21
658	CTime1	21.55
658	CTime3	21.55
659	CTime2	43.26
659	CTime1	21.03
659	CTime3	21.03
660	CTime3	21.70
660	CTime1	21.70
660	CTime2	43.39
661	CTime3	20.96
661	CTime1	20.96
661	CTime2	43.34
662	CTime2	43.31
662	CTime1	21.66
662	CTime3	21.66
663	CTime3	20.96
663	CTime1	20.96
663	CTime2	43.31
664	CTime3	21.59
664	CTime1	21.59
664	CTime2	43.24
665	CTime3	20.96
665	CTime1	20.96
665	CTime2	43.23
667	CTime3	23.00
667	CTime2	44.63
667	CTime1	23.00
669	CTime1	20.88
669	CTime2	44.58
669	CTime3	20.88
670	CTime2	43.23
670	CTime1	21.63
670	CTime3	21.63
671	CTime3	21.10
671	CTime2	43.44
671	CTime1	21.10
672	CTime3	21.35
672	CTime1	21.35
672	CTime2	43.15
673	CTime3	21.01
673	CTime1	21.01
673	CTime2	43.06
674	CTime1	21.55
674	CTime2	43.25
674	CTime3	21.55
675	CTime3	20.88
675	CTime1	20.88
675	CTime2	43.12
676	CTime2	43.10
676	CTime1	21.54
676	CTime3	21.54
677	CTime3	21.00
677	CTime1	21.00
677	CTime2	43.24
678	CTime2	43.44
678	CTime1	21.74
678	CTime3	21.74
679	CTime2	44.40
679	CTime1	20.57
679	CTime3	20.57
680	CTime1	21.64
680	CTime2	44.34
680	CTime3	21.64
681	CTime3	21.78
681	CTime2	44.13
681	CTime1	21.78
682	CTime1	21.53
682	CTime2	43.99
682	CTime3	21.53
683	CTime3	21.06
683	CTime1	21.06
683	CTime2	43.27
684	CTime1	21.58
684	CTime2	43.33
684	CTime3	21.58
685	CTime3	20.96
685	CTime2	43.23
685	CTime1	20.96
686	CTime3	21.67
686	CTime2	43.31
686	CTime1	21.67
687	CTime3	20.98
687	CTime1	20.98
687	CTime2	43.33
688	CTime3	21.53
688	CTime1	21.53
688	CTime2	43.19
689	CTime3	21.04
689	CTime2	43.26
689	CTime1	21.04
690	CTime3	21.63
690	CTime1	21.62
690	CTime2	43.35
691	CTime3	21.08
691	CTime1	21.08
691	CTime2	43.39
692	CTime1	21.30
692	CTime2	67.84
692	CTime3	21.78
693	CTime3	21.30
693	CTime2	94.21
693	CTime1	20.82
694	CTime2	167.13
694	CTime1	21.24
694	CTime3	21.72
695	CTime2	177.46
695	CTime1	20.75
695	CTime3	21.22
696	CTime3	21.72
696	CTime1	21.24
696	CTime2	284.79
697	CTime2	247.99
697	CTime1	20.99
697	CTime3	20.99
698	CTime1	21.67
698	CTime2	43.34
698	CTime3	21.67
699	CTime1	20.54
699	CTime2	44.31
699	CTime3	20.54
700	CTime1	21.38
700	CTime2	274.61
700	CTime3	21.86
701	CTime3	20.98
701	CTime1	20.98
701	CTime2	273.63
702	CTime3	21.64
702	CTime1	21.63
702	CTime2	43.30
703	CTime3	21.47
703	CTime2	51.74
703	CTime1	21.00
704	CTime1	23.03
704	CTime2	53.50
704	CTime3	23.38
705	CTime3	20.99
705	CTime2	45.07
705	CTime1	20.99
706	CTime2	43.42
706	CTime1	21.74
706	CTime3	21.74
707	CTime1	21.26
707	CTime2	72.04
707	CTime3	21.78
708	CTime1	20.58
708	CTime2	71.95
708	CTime3	20.58
709	CTime3	19.37
709	CTime2	41.73
709	CTime1	19.37
710	CTime3	21.25
710	CTime2	41.34
710	CTime1	21.25
711	CTime3	19.39
711	CTime2	41.34
711	CTime1	19.39
712	CTime3	21.32
712	CTime1	21.32
712	CTime2	41.40
713	CTime3	19.61
713	CTime2	62.83
713	CTime1	19.13
714	CTime1	21.85
714	CTime2	67.87
714	CTime3	22.33
715	CTime3	19.43
715	CTime1	19.43
715	CTime2	46.50
716	CTime3	21.73
716	CTime1	21.25
716	CTime2	42.25
717	CTime2	42.23
717	CTime1	19.43
717	CTime3	19.43
718	CTime3	20.05
718	CTime2	40.16
718	CTime1	20.05
719	CTime3	19.61
719	CTime2	49.98
719	CTime1	19.13
720	CTime3	21.27
720	CTime1	21.27
720	CTime2	51.19
721	CTime3	19.43
721	CTime1	19.43
721	CTime2	41.39
722	CTime3	19.49
722	CTime1	19.49
722	CTime2	39.62
723	CTime1	19.20
723	CTime2	83.11
723	CTime3	19.67
724	CTime3	21.28
724	CTime1	20.80
724	CTime2	111.73
725	CTime1	19.29
725	CTime2	68.11
725	CTime3	19.29
726	CTime3	22.11
726	CTime1	22.11
726	CTime2	42.12
727	CTime3	20.00
727	CTime1	19.53
727	CTime2	45.37
728	CTime1	19.57
728	CTime2	42.83
728	CTime3	19.57
729	CTime2	39.62
729	CTime1	19.35
729	CTime3	19.35
730	CTime2	39.53
730	CTime1	19.47
730	CTime3	19.47
731	CTime2	42.86
731	CTime1	19.55
731	CTime3	20.03
732	CTime2	45.53
732	CTime1	22.15
732	CTime3	22.15
733	CTime2	45.15
733	CTime1	19.59
733	CTime3	20.07
734	CTime3	21.61
734	CTime2	45.33
734	CTime1	21.13
735	CTime3	20.01
735	CTime1	19.54
735	CTime2	45.39
736	CTime3	19.47
736	CTime2	35.12
736	CTime1	18.99
737	CTime3	19.65
737	CTime2	77.82
737	CTime1	19.65
738	CTime2	39.81
738	CTime1	19.47
738	CTime3	19.47
739	CTime3	20.86
739	CTime1	20.86
739	CTime2	42.58
740	CTime1	19.40
740	CTime2	42.53
740	CTime3	19.40
741	CTime3	21.68
741	CTime2	41.81
741	CTime1	21.68
742	CTime1	19.46
742	CTime2	41.84
742	CTime3	19.46
743	CTime1	21.19
743	CTime2	41.36
743	CTime3	21.19
744	CTime3	19.44
744	CTime1	19.44
744	CTime2	41.34
745	CTime2	39.61
745	CTime1	19.46
745	CTime3	19.46
746	CTime2	365.68
746	CTime1	19.10
746	CTime3	19.58
747	CTime3	21.34
747	CTime2	384.76
747	CTime1	20.86
748	CTime3	20.30
748	CTime1	20.30
748	CTime2	59.53
749	CTime2	40.72
749	CTime1	19.72
749	CTime3	19.72
750	CTime1	19.46
750	CTime2	39.88
750	CTime3	19.46
751	CTime3	23.63
751	CTime1	23.63
751	CTime2	43.77
752	CTime1	19.39
752	CTime2	43.71
752	CTime3	19.39
753	CTime3	21.42
753	CTime2	57.03
753	CTime1	20.90
754	CTime3	20.13
754	CTime1	19.65
754	CTime2	64.94
755	CTime1	20.88
755	CTime2	66.88
755	CTime3	21.35
756	CTime2	58.96
756	CTime1	19.38
756	CTime3	19.38
757	CTime2	39.63
757	CTime1	19.56
757	CTime3	19.56
758	CTime3	19.48
758	CTime1	19.48
758	CTime2	39.73
759	CTime3	20.77
759	CTime1	20.77
759	CTime2	42.49
760	CTime1	19.41
760	CTime2	42.41
760	CTime3	19.41
761	CTime2	41.16
761	CTime1	21.06
761	CTime3	21.06
762	CTime3	19.50
762	CTime2	41.24
762	CTime1	19.50
763	CTime1	21.42
763	CTime2	46.99
763	CTime3	21.90
764	CTime3	20.47
764	CTime1	20.47
764	CTime2	47.97
765	CTime1	19.51
765	CTime2	40.67
765	CTime3	19.51
766	CTime3	19.44
766	CTime2	39.61
766	CTime1	19.44
767	CTime2	41.30
767	CTime1	21.19
767	CTime3	21.19
768	CTime3	19.37
768	CTime2	41.24
768	CTime1	19.37
769	CTime3	19.59
769	CTime2	39.64
769	CTime1	19.59
770	CTime1	20.42
770	CTime2	40.71
770	CTime3	20.42
771	CTime3	19.56
771	CTime1	19.56
771	CTime2	40.68
772	CTime1	19.41
772	CTime2	39.66
772	CTime3	19.41
773	CTime3	21.42
773	CTime1	20.94
773	CTime2	52.62
774	CTime2	53.56
774	CTime1	20.35
774	CTime3	20.35
775	CTime1	21.06
775	CTime2	45.04
775	CTime3	21.57
776	CTime3	19.30
776	CTime2	44.01
776	CTime1	19.30
777	CTime1	21.74
777	CTime2	41.76
777	CTime3	21.74
778	CTime3	19.36
778	CTime1	19.36
778	CTime2	41.80
779	CTime3	20.76
779	CTime1	20.76
779	CTime2	42.36
780	CTime1	20.28
780	CTime2	43.27
780	CTime3	20.29
781	CTime3	19.60
781	CTime2	40.56
781	CTime1	19.60
782	CTime1	20.03
782	CTime2	40.31
782	CTime3	20.03
783	CTime2	45.70
783	CTime1	21.18
783	CTime3	21.65
784	CTime3	19.60
784	CTime1	19.12
784	CTime2	74.36
785	CTime2	73.47
785	CTime1	21.46
785	CTime3	21.93
787	CTime2	50.68
787	CTime1	25.90
787	CTime3	25.90
789	CTime2	47.99
789	CTime1	21.39
789	CTime3	21.39
790	CTime3	19.47
790	CTime1	19.47
790	CTime2	41.57
791	CTime2	44.37
791	CTime1	22.76
791	CTime3	23.24
792	CTime2	44.26
792	CTime1	19.38
792	CTime3	19.38
793	CTime3	21.49
793	CTime1	21.49
793	CTime2	41.54
794	CTime1	19.44
794	CTime2	41.62
794	CTime3	19.45
795	CTime3	21.36
795	CTime1	20.89
795	CTime2	166.62
796	CTime3	19.35
796	CTime2	166.54
796	CTime1	19.35
798	CTime1	25.44
798	CTime2	49.72
798	CTime3	25.92
801	CTime1	219.11
801	CTime2	249.46
801	CTime3	219.11
803	CTime3	20.72
803	CTime2	241.66
803	CTime1	20.72
804	CTime3	18.85
804	CTime1	18.85
804	CTime2	42.26
805	CTime3	20.79
805	CTime1	20.79
805	CTime2	42.73
806	CTime3	19.48
806	CTime1	19.48
806	CTime2	42.49
807	CTime1	19.92
807	CTime2	40.09
807	CTime3	19.92
808	CTime3	19.45
808	CTime2	40.07
808	CTime1	19.45
809	CTime1	21.30
809	CTime2	41.46
809	CTime3	21.31
810	CTime2	41.42
810	CTime1	19.40
810	CTime3	19.40
811	CTime3	19.56
811	CTime2	39.67
811	CTime1	19.56
812	CTime3	19.39
812	CTime1	19.39
812	CTime2	39.65
813	CTime1	19.41
813	CTime2	39.48
813	CTime3	19.41
814	CTime1	19.49
814	CTime2	39.59
814	CTime3	19.49
815	CTime2	39.66
815	CTime1	19.47
815	CTime3	19.47
816	CTime3	19.32
816	CTime2	39.47
816	CTime1	19.32
817	CTime1	23.55
817	CTime2	43.55
817	CTime3	23.55
819	CTime3	21.66
819	CTime1	21.66
819	CTime2	45.90
821	CTime1	22.34
821	CTime2	44.70
821	CTime3	22.34
822	CTime3	19.42
822	CTime2	42.45
822	CTime1	19.42
823	CTime1	19.53
823	CTime2	39.63
823	CTime3	19.53
824	CTime3	19.40
824	CTime2	39.61
824	CTime1	19.39
825	CTime3	19.51
825	CTime1	19.50
825	CTime2	39.59
826	CTime3	19.40
826	CTime2	39.58
826	CTime1	19.40
827	CTime3	20.75
827	CTime1	20.75
827	CTime2	42.37
828	CTime3	19.44
828	CTime2	42.41
828	CTime1	19.44
829	CTime2	40.30
829	CTime1	20.17
829	CTime3	20.17
830	CTime3	22.44
830	CTime1	22.44
830	CTime2	43.30
831	CTime3	19.60
831	CTime1	19.60
831	CTime2	42.73
832	CTime3	19.43
832	CTime1	19.43
832	CTime2	39.72
833	CTime3	19.67
833	CTime1	19.67
833	CTime2	39.78
834	CTime3	19.48
834	CTime2	39.82
834	CTime1	19.47
835	CTime3	19.58
835	CTime1	19.58
835	CTime2	39.73
836	CTime2	39.76
836	CTime1	19.51
836	CTime3	19.51
837	CTime2	39.79
837	CTime1	19.61
837	CTime3	19.61
838	CTime2	39.81
838	CTime1	19.50
838	CTime3	19.50
839	CTime1	19.57
839	CTime2	39.77
839	CTime3	19.57
840	CTime3	19.34
840	CTime1	19.34
840	CTime2	39.60
841	CTime2	41.31
841	CTime1	21.26
841	CTime3	21.26
842	CTime3	19.41
842	CTime1	19.41
842	CTime2	41.38
843	CTime3	19.60
843	CTime2	39.71
843	CTime1	19.60
844	CTime1	19.47
844	CTime2	39.75
844	CTime3	19.47
845	CTime1	19.57
845	CTime2	39.71
845	CTime3	19.57
846	CTime3	19.54
846	CTime2	39.79
846	CTime1	19.54
847	CTime2	42.63
847	CTime1	20.87
847	CTime3	20.87
848	CTime1	19.42
848	CTime2	42.52
848	CTime3	19.42
849	CTime3	21.21
849	CTime1	21.21
849	CTime2	41.32
850	CTime1	19.43
850	CTime2	41.32
850	CTime3	19.43
851	CTime2	41.15
851	CTime1	21.04
851	CTime3	21.04
852	CTime1	19.46
852	CTime2	41.89
852	CTime3	19.94
853	CTime3	21.64
853	CTime2	43.80
853	CTime1	21.16
854	CTime2	43.05
854	CTime1	19.42
854	CTime3	19.42
855	CTime2	46.59
855	CTime1	22.57
855	CTime3	23.05
856	CTime1	19.39
856	CTime2	46.57
856	CTime3	19.39
857	CTime1	19.53
857	CTime2	39.58
857	CTime3	19.53
858	CTime3	19.40
858	CTime1	19.40
858	CTime2	39.61
859	CTime3	19.56
859	CTime1	19.56
859	CTime2	39.65
860	CTime1	19.50
860	CTime2	39.75
860	CTime3	19.50
861	CTime1	20.88
861	CTime2	59.51
861	CTime3	21.36
862	CTime3	19.41
862	CTime1	19.41
862	CTime2	59.43
863	CTime3	21.73
863	CTime1	21.25
863	CTime2	45.38
864	CTime1	19.39
864	CTime2	45.37
864	CTime3	19.39
865	CTime1	21.13
865	CTime2	41.21
865	CTime3	21.13
866	CTime1	19.45
866	CTime2	41.25
866	CTime3	19.45
867	CTime2	42.43
867	CTime1	20.75
867	CTime3	20.75
868	CTime3	19.45
868	CTime1	19.45
868	CTime2	42.43
869	CTime1	21.08
869	CTime2	41.23
869	CTime3	21.09
870	CTime3	19.36
870	CTime1	19.36
870	CTime2	41.14
871	CTime1	21.17
871	CTime2	44.78
871	CTime3	21.65
872	CTime3	19.44
872	CTime1	19.44
872	CTime2	44.86
873	CTime1	19.52
873	CTime2	39.64
873	CTime3	19.52
874	CTime3	19.42
874	CTime2	39.61
874	CTime1	19.42
875	CTime3	19.55
875	CTime1	19.55
875	CTime2	39.65
876	CTime1	20.46
876	CTime2	40.71
876	CTime3	20.46
877	CTime3	21.18
877	CTime1	21.18
877	CTime2	42.35
878	CTime3	19.38
878	CTime1	19.37
878	CTime2	41.26
879	CTime3	21.33
879	CTime1	21.33
879	CTime2	41.39
880	CTime1	19.40
880	CTime2	41.42
880	CTime3	19.40
881	CTime3	21.29
881	CTime2	55.63
881	CTime1	20.81
882	CTime2	70.12
882	CTime1	19.20
882	CTime3	19.68
883	CTime3	21.42
883	CTime1	20.94
883	CTime2	70.40
884	CTime3	19.48
884	CTime2	55.96
884	CTime1	19.48
885	CTime1	19.58
885	CTime2	39.73
885	CTime3	19.58
886	CTime2	39.68
886	CTime1	19.42
886	CTime3	19.42
887	CTime1	20.92
887	CTime2	42.58
887	CTime3	20.92
888	CTime1	19.14
888	CTime2	70.12
888	CTime3	19.62
889	CTime2	70.93
889	CTime1	21.39
889	CTime3	21.86
890	CTime1	19.46
890	CTime2	43.43
890	CTime3	19.46
891	CTime3	21.39
891	CTime2	65.38
891	CTime1	20.91
892	CTime1	19.42
892	CTime2	65.33
892	CTime3	19.42
893	CTime1	20.91
893	CTime2	59.11
893	CTime3	21.39
894	CTime2	60.89
894	CTime1	19.42
894	CTime3	19.90
895	CTime2	42.06
895	CTime1	20.17
895	CTime3	20.17
896	CTime3	19.73
896	CTime1	19.25
896	CTime2	40.98
897	CTime3	21.17
897	CTime2	41.97
897	CTime1	21.17
898	CTime1	19.59
898	CTime2	41.48
898	CTime3	19.59
899	CTime1	19.54
899	CTime2	39.84
899	CTime3	19.54
900	CTime2	41.01
900	CTime1	19.57
900	CTime3	20.05
901	CTime1	21.15
901	CTime2	42.89
901	CTime3	21.42
902	CTime1	19.10
902	CTime2	52.11
902	CTime3	19.58
903	CTime1	20.89
903	CTime2	71.50
903	CTime3	21.37
904	CTime3	19.42
904	CTime2	60.91
904	CTime1	19.42
905	CTime1	19.47
905	CTime2	39.57
905	CTime3	19.47
906	CTime3	19.35
906	CTime2	39.51
906	CTime1	19.35
907	CTime3	20.71
907	CTime1	20.71
907	CTime2	42.30
908	CTime3	19.36
908	CTime1	19.36
908	CTime2	42.31
909	CTime3	19.57
909	CTime2	39.63
909	CTime1	19.57
910	CTime3	19.39
910	CTime2	39.66
910	CTime1	19.39
911	CTime3	21.68
911	CTime1	21.20
911	CTime2	46.93
912	CTime1	19.14
912	CTime2	115.32
912	CTime3	19.61
913	CTime3	21.68
913	CTime1	21.21
913	CTime2	111.75
914	CTime3	19.52
914	CTime2	43.46
914	CTime1	19.52
915	CTime2	46.74
915	CTime1	21.21
915	CTime3	21.69
916	CTime3	19.48
916	CTime1	19.48
916	CTime2	46.72
917	CTime2	41.31
917	CTime1	21.13
917	CTime3	21.13
918	CTime2	249.56
918	CTime1	19.20
918	CTime3	19.67
919	CTime3	21.30
919	CTime2	268.19
919	CTime1	20.82
920	CTime1	19.33
920	CTime2	59.81
920	CTime3	19.33
921	CTime3	21.40
921	CTime1	20.93
921	CTime2	64.72
922	CTime1	19.40
922	CTime2	64.77
922	CTime3	19.40
923	CTime1	19.01
923	CTime2	37.91
923	CTime3	19.48
924	CTime1	19.07
924	CTime2	51.52
924	CTime3	19.54
925	CTime2	129.01
925	CTime1	19.50
925	CTime3	19.50
926	CTime2	39.55
926	CTime1	19.39
926	CTime3	19.39
927	CTime1	20.93
927	CTime2	42.54
927	CTime3	20.93
928	CTime1	19.46
928	CTime2	42.77
928	CTime3	19.46
929	CTime1	19.65
929	CTime2	39.94
929	CTime3	19.65
930	CTime1	19.38
930	CTime2	39.85
930	CTime3	19.38
931	CTime3	19.70
931	CTime2	39.90
931	CTime1	19.70
932	CTime1	19.44
932	CTime2	39.82
932	CTime3	19.44
933	CTime3	19.53
933	CTime1	19.53
933	CTime2	39.65
934	CTime1	20.40
934	CTime2	40.60
934	CTime3	20.40
935	CTime3	22.02
935	CTime2	43.10
935	CTime1	22.02
936	CTime1	19.42
936	CTime2	42.14
936	CTime3	19.43
938	CTime2	41.38
938	CTime1	21.25
938	CTime3	21.25
940	CTime2	45.91
940	CTime1	23.96
940	CTime3	23.96
941	CTime3	19.54
941	CTime2	44.20
941	CTime1	19.54
942	CTime2	40.39
942	CTime1	20.16
942	CTime3	20.16
943	CTime1	19.77
943	CTime2	40.62
943	CTime3	19.77
944	CTime2	76.11
944	CTime1	21.25
944	CTime3	21.72
945	CTime1	20.79
945	CTime2	94.99
945	CTime3	21.26
946	CTime3	19.41
946	CTime2	58.77
946	CTime1	19.41
947	CTime3	19.54
947	CTime2	39.66
947	CTime1	19.54
948	CTime3	21.16
948	CTime2	41.38
948	CTime1	21.15
949	CTime3	20.86
949	CTime2	44.24
949	CTime1	20.86
950	CTime3	21.19
950	CTime1	20.72
950	CTime2	31.59
951	CTime3	19.40
951	CTime2	74.08
951	CTime1	19.40
952	CTime3	21.08
952	CTime2	41.19
952	CTime1	21.08
953	CTime2	41.23
953	CTime1	19.44
953	CTime3	19.44
954	CTime2	39.64
954	CTime1	19.50
954	CTime3	19.50
955	CTime3	20.17
955	CTime2	40.36
955	CTime1	20.17
956	CTime2	40.41
956	CTime1	19.55
956	CTime3	19.55
957	CTime2	39.69
957	CTime1	19.45
957	CTime3	19.45
958	CTime3	19.64
958	CTime1	19.64
958	CTime2	39.79
959	CTime3	19.40
959	CTime2	39.74
959	CTime1	19.40
960	CTime2	39.55
960	CTime1	19.46
960	CTime3	19.46
962	CTime2	39.63
962	CTime1	19.45
962	CTime3	19.45
964	CTime1	25.00
964	CTime2	45.17
964	CTime3	25.00
965	CTime3	20.63
965	CTime2	50.89
965	CTime1	20.15
966	CTime1	21.14
966	CTime2	48.72
966	CTime3	21.62
967	CTime1	18.74
967	CTime2	62.14
967	CTime3	18.74
968	CTime1	19.62
968	CTime2	58.93
968	CTime3	19.62
969	CTime1	19.41
969	CTime2	39.73
969	CTime3	19.41
970	CTime1	22.19
970	CTime2	42.30
970	CTime3	22.19
971	CTime3	19.16
971	CTime2	43.59
971	CTime1	19.16
972	CTime2	42.52
972	CTime1	21.13
972	CTime3	21.13
973	CTime2	41.27
973	CTime1	19.46
973	CTime3	19.46
974	CTime2	40.67
974	CTime1	21.54
974	CTime3	22.02
975	CTime3	19.78
975	CTime2	60.80
975	CTime1	19.78
976	CTime1	21.06
976	CTime2	41.56
976	CTime3	21.06
977	CTime2	41.11
977	CTime1	19.34
977	CTime3	19.34
978	CTime3	22.07
978	CTime2	40.49
978	CTime1	21.59
979	CTime1	22.15
979	CTime2	63.02
979	CTime3	22.15
980	CTime3	22.02
980	CTime2	40.48
980	CTime1	21.54
981	CTime2	60.60
981	CTime1	19.76
981	CTime3	19.76
982	CTime1	19.53
982	CTime2	40.02
982	CTime3	19.53
983	CTime1	19.44
983	CTime2	39.67
983	CTime3	19.44
984	CTime2	39.61
984	CTime1	19.50
984	CTime3	19.50
985	CTime3	19.38
985	CTime1	19.38
985	CTime2	39.55
986	CTime3	19.50
986	CTime2	39.54
986	CTime1	19.50
987	CTime2	39.55
987	CTime1	19.38
987	CTime3	19.38
988	CTime2	40.62
988	CTime1	21.53
988	CTime3	22.01
989	CTime2	60.77
989	CTime1	19.76
989	CTime3	19.76
990	CTime3	19.40
990	CTime1	19.40
990	CTime2	39.90
991	CTime3	19.42
991	CTime2	39.53
991	CTime1	19.42
992	CTime3	22.84
992	CTime1	22.36
992	CTime2	41.33
993	CTime1	19.74
993	CTime2	61.44
993	CTime3	19.74
994	CTime2	41.51
994	CTime1	21.04
994	CTime3	21.04
995	CTime3	19.38
995	CTime2	41.15
995	CTime1	19.38
996	CTime3	19.42
996	CTime2	39.50
996	CTime1	19.42
997	CTime3	19.43
997	CTime1	19.43
997	CTime2	39.54
998	CTime1	19.53
998	CTime2	39.65
998	CTime3	19.53
999	CTime1	17.79
999	CTime2	34.12
999	CTime3	17.79
1000	CTime3	20.00
1000	CTime1	20.00
1000	CTime2	54.49
1001	CTime3	19.47
1001	CTime1	19.47
1001	CTime2	40.22
1002	CTime3	20.88
1002	CTime1	20.88
1002	CTime2	713.59
1003	CTime3	19.41
1003	CTime1	19.41
1003	CTime2	713.51
1004	CTime3	23.25
1004	CTime2	56.96
1004	CTime1	22.77
1005	CTime3	19.35
1005	CTime1	19.35
1005	CTime2	56.88
1006	CTime1	20.83
1006	CTime2	53.00
1006	CTime3	21.30
1007	CTime2	95.41
1007	CTime1	23.48
1007	CTime3	23.95
1008	CTime3	19.59
1008	CTime1	19.59
1008	CTime2	82.03
1009	CTime2	39.79
1009	CTime1	19.51
1009	CTime3	19.51
1010	CTime1	21.48
1010	CTime2	46.55
1010	CTime3	21.96
1011	CTime3	20.43
1011	CTime1	20.43
1011	CTime2	47.48
1012	CTime3	19.63
1012	CTime1	19.63
1012	CTime2	40.76
1013	CTime2	39.72
1013	CTime1	19.40
1013	CTime3	19.40
1014	CTime2	54.47
1014	CTime1	20.90
1014	CTime3	21.38
1015	CTime3	23.93
1015	CTime2	58.99
1015	CTime1	23.92
1016	CTime1	21.42
1016	CTime2	46.05
1016	CTime3	21.42
1017	CTime3	19.45
1017	CTime2	41.58
1017	CTime1	19.45
1018	CTime2	39.68
1018	CTime1	19.52
1018	CTime3	19.52
1019	CTime3	19.14
1019	CTime2	40.78
1019	CTime1	19.14
1020	CTime3	42.65
1020	CTime2	63.88
1020	CTime1	42.65
1021	CTime3	19.77
1021	CTime1	19.76
1021	CTime2	63.12
1022	CTime3	21.46
1022	CTime1	21.46
1022	CTime2	41.94
1023	CTime3	20.03
1023	CTime2	57.73
1023	CTime1	19.55
1024	CTime3	21.57
1024	CTime1	21.09
1024	CTime2	303.70
1025	CTime3	19.76
1025	CTime1	19.76
1025	CTime2	287.87
1026	CTime2	48.98
1026	CTime1	21.75
1026	CTime3	22.22
1027	CTime3	21.06
1027	CTime1	21.06
1027	CTime2	50.28
1028	CTime3	21.54
1028	CTime2	43.28
1028	CTime1	21.54
1029	CTime1	19.71
1029	CTime2	41.94
1029	CTime3	19.71
1030	CTime3	22.36
1030	CTime2	42.76
1030	CTime1	22.36
1031	CTime2	42.77
1031	CTime1	19.73
1031	CTime3	19.73
1032	CTime1	21.43
1032	CTime2	41.84
1032	CTime3	21.43
1033	CTime3	19.87
1033	CTime2	41.97
1033	CTime1	19.87
1034	CTime3	21.42
1034	CTime1	21.42
1034	CTime2	41.97
1035	CTime3	21.27
1035	CTime1	20.80
1035	CTime2	25.54
1036	CTime1	19.63
1036	CTime2	102.16
1036	CTime3	20.11
1037	CTime3	21.83
1037	CTime1	21.35
1037	CTime2	79.24
1038	CTime2	44.50
1038	CTime1	19.75
1038	CTime3	19.75
1039	CTime2	45.98
1039	CTime1	20.94
1039	CTime3	21.41
1040	CTime3	19.71
1040	CTime2	45.91
1040	CTime1	19.70
1041	CTime1	21.55
1041	CTime2	41.92
1041	CTime3	21.55
1042	CTime1	19.76
1042	CTime2	41.99
1042	CTime3	19.76
1043	CTime1	21.59
1043	CTime2	42.04
1043	CTime3	21.59
1044	CTime3	19.84
1044	CTime1	19.84
1044	CTime2	42.11
1045	CTime3	21.54
1045	CTime2	57.68
1045	CTime1	21.07
1046	CTime2	58.95
1046	CTime1	21.08
1046	CTime3	21.08
1047	CTime3	21.86
1047	CTime1	21.38
1047	CTime2	45.47
1049	CTime1	273.57
1049	CTime2	297.94
1049	CTime3	273.57
1051	CTime2	298.37
1051	CTime1	23.09
1051	CTime3	23.09
1052	CTime3	19.33
1052	CTime1	19.33
1052	CTime2	44.95
1053	CTime2	42.62
1053	CTime1	21.77
1053	CTime3	21.77
1054	CTime3	19.82
1054	CTime2	42.28
1054	CTime1	19.82
1055	CTime2	41.79
1055	CTime1	21.29
1055	CTime3	21.29
1056	CTime3	19.66
1056	CTime1	19.66
1056	CTime2	41.64
1057	CTime3	21.32
1057	CTime2	41.66
1057	CTime1	21.32
1058	CTime3	19.77
1058	CTime1	19.77
1058	CTime2	41.79
1059	CTime3	21.55
1059	CTime1	21.55
1059	CTime2	42.02
1060	CTime2	42.08
1060	CTime1	19.85
1060	CTime3	19.85
1061	CTime3	20.98
1061	CTime2	43.06
1061	CTime1	20.98
1062	CTime3	19.69
1062	CTime1	19.68
1062	CTime2	42.91
1063	CTime2	41.73
1063	CTime1	21.36
1063	CTime3	21.36
1064	CTime3	19.70
1064	CTime2	41.75
1064	CTime1	19.70
1066	CTime1	24.46
1066	CTime2	44.85
1066	CTime3	24.46
1068	CTime3	19.73
1068	CTime1	19.73
1068	CTime2	44.88
1069	CTime2	41.71
1069	CTime1	21.28
1069	CTime3	21.28
1070	CTime3	19.83
1070	CTime1	19.83
1070	CTime2	41.80
1071	CTime2	41.88
1071	CTime1	21.37
1071	CTime3	21.37
1072	CTime3	20.90
1072	CTime2	42.95
1072	CTime1	20.90
1073	CTime1	21.43
1073	CTime2	43.01
1073	CTime3	21.43
1074	CTime3	31.91
1074	CTime2	54.05
1074	CTime1	31.91
1075	CTime3	21.64
1075	CTime1	21.64
1075	CTime2	54.27
1076	CTime2	43.14
1076	CTime1	20.79
1076	CTime3	20.79
1077	CTime1	21.52
1077	CTime2	43.00
1077	CTime3	21.52
1078	CTime3	20.84
1078	CTime1	20.84
1078	CTime2	43.04
1079	CTime3	21.53
1079	CTime1	21.53
1079	CTime2	43.05
1080	CTime3	20.91
1080	CTime1	20.91
1080	CTime2	43.13
1081	CTime1	21.72
1081	CTime2	43.32
1081	CTime3	21.72
1082	CTime3	20.85
1082	CTime2	43.26
1082	CTime1	20.85
1083	CTime3	21.27
1083	CTime1	21.27
1083	CTime2	44.35
1084	CTime2	44.31
1084	CTime1	20.81
1084	CTime3	20.81
1085	CTime3	21.49
1085	CTime2	42.98
1085	CTime1	21.49
1086	CTime1	20.79
1086	CTime2	42.97
1086	CTime3	20.79
1087	CTime2	43.00
1087	CTime1	21.52
1087	CTime3	21.52
1088	CTime3	20.79
1088	CTime1	20.79
1088	CTime2	42.98
1089	CTime1	21.57
1089	CTime2	43.04
1089	CTime3	21.57
1090	CTime1	20.93
1090	CTime2	43.18
1090	CTime3	20.93
1091	CTime3	21.69
1091	CTime2	43.31
1091	CTime1	21.69
1093	CTime3	26.63
1093	CTime2	50.42
1093	CTime1	26.63
1095	CTime3	21.25
1095	CTime2	49.98
1095	CTime1	21.25
1096	CTime2	46.05
1096	CTime1	24.09
1096	CTime3	24.09
1097	CTime2	37.88
1097	CTime1	22.05
1097	CTime3	22.05
1098	CTime3	22.29
1098	CTime1	22.29
1098	CTime2	60.84
1099	CTime1	21.63
1099	CTime2	40.39
1099	CTime3	22.11
1100	CTime3	20.99
1100	CTime1	20.99
1100	CTime2	61.75
1101	CTime2	40.76
1101	CTime1	21.86
1101	CTime3	22.34
1102	CTime1	21.11
1102	CTime2	62.25
1102	CTime3	21.12
1103	CTime3	22.25
1103	CTime1	21.77
1103	CTime2	40.51
1104	CTime2	61.83
1104	CTime1	20.95
1104	CTime3	20.95
1105	CTime3	22.08
1105	CTime2	40.65
1105	CTime1	21.60
1106	CTime1	21.04
1106	CTime2	62.06
1106	CTime3	21.04
1107	CTime3	21.33
1107	CTime2	43.11
1107	CTime1	21.33
1108	CTime3	20.39
1108	CTime2	42.43
1108	CTime1	20.39
1109	CTime2	42.45
1109	CTime1	21.37
1109	CTime3	21.37
1110	CTime3	20.56
1110	CTime1	20.56
1110	CTime2	42.60
1111	CTime3	21.45
1111	CTime1	21.45
1111	CTime2	42.70
1112	CTime2	42.88
1112	CTime1	20.73
1112	CTime3	20.74
1114	CTime1	164.78
1114	CTime2	186.20
1114	CTime3	164.78
1116	CTime2	186.31
1116	CTime1	19.86
1116	CTime3	19.86
1117	CTime3	25.83
1117	CTime1	25.83
1117	CTime2	78.15
1118	CTime3	21.00
1118	CTime1	20.99
1118	CTime2	99.52
1119	CTime2	43.19
1119	CTime1	21.44
1119	CTime3	21.44
1120	CTime1	20.63
1120	CTime2	42.78
1120	CTime3	20.63
1121	CTime1	21.93
1121	CTime2	43.23
1121	CTime3	21.93
1122	CTime2	43.10
1122	CTime1	20.48
1122	CTime3	20.49
1123	CTime3	21.45
1123	CTime1	21.45
1123	CTime2	42.63
1124	CTime1	20.59
1124	CTime2	42.73
1124	CTime3	20.59
1125	CTime2	26.64
1125	CTime1	20.09
1125	CTime3	20.57
1126	CTime3	21.37
1126	CTime1	21.36
1126	CTime2	69.29
1127	CTime2	42.66
1127	CTime1	20.61
1127	CTime3	20.61
1128	CTime1	21.46
1128	CTime2	42.75
1128	CTime3	21.46
1129	CTime3	20.50
1129	CTime2	42.66
1129	CTime1	20.49
1130	CTime3	21.25
1130	CTime1	21.25
1130	CTime2	42.44
1131	CTime3	20.58
1131	CTime2	42.51
1131	CTime1	20.58
1132	CTime3	23.95
1132	CTime1	23.95
1132	CTime2	45.22
1133	CTime2	45.21
1133	CTime1	20.58
1133	CTime3	20.58
1134	CTime3	20.59
1134	CTime1	20.11
1134	CTime2	67.42
1135	CTime1	21.46
1135	CTime2	116.19
1135	CTime3	21.93
1136	CTime2	40.73
1136	CTime1	21.88
1136	CTime3	22.36
1137	CTime3	20.94
1137	CTime1	20.94
1137	CTime2	62.05
1138	CTime2	26.55
1138	CTime1	20.20
1138	CTime3	20.67
1139	CTime3	20.66
1139	CTime2	26.66
1139	CTime1	20.18
1140	CTime1	20.13
1140	CTime2	26.52
1140	CTime3	20.61
1141	CTime2	26.47
1141	CTime1	20.05
1141	CTime3	20.53
1142	CTime2	26.65
1142	CTime1	20.21
1142	CTime3	20.69
1143	CTime2	178.35
1143	CTime1	21.36
1143	CTime3	21.84
1144	CTime3	20.52
1144	CTime2	45.04
1144	CTime1	20.52
1145	CTime3	21.44
1145	CTime1	21.44
1145	CTime2	42.64
1146	CTime2	42.67
1146	CTime1	20.58
1146	CTime3	20.58
1147	CTime3	21.55
1147	CTime1	21.55
1147	CTime2	42.78
1148	CTime3	20.52
1148	CTime2	42.74
1148	CTime1	20.52
1149	CTime3	21.42
1149	CTime2	42.62
1149	CTime1	21.42
1150	CTime2	156.06
1150	CTime1	20.36
1150	CTime3	20.84
1151	CTime2	155.99
1151	CTime1	21.32
1151	CTime3	21.32
1152	CTime1	20.52
1152	CTime2	42.54
1152	CTime3	20.52
1153	CTime3	21.54
1153	CTime2	42.74
1153	CTime1	21.54
1154	CTime1	20.47
1154	CTime2	42.71
1154	CTime3	20.47
1155	CTime2	42.52
1155	CTime1	21.35
1155	CTime3	21.35
1156	CTime3	20.04
1156	CTime1	20.04
1156	CTime2	43.48
1157	CTime3	21.38
1157	CTime2	43.52
1157	CTime1	21.38
1158	CTime1	20.59
1158	CTime2	42.68
1158	CTime3	20.59
1159	CTime2	42.67
1159	CTime1	21.38
1159	CTime3	21.38
1160	CTime1	20.47
1160	CTime2	42.53
1160	CTime3	20.47
1161	CTime3	21.44
1161	CTime1	21.44
1161	CTime2	42.61
1162	CTime2	42.63
1162	CTime1	20.48
1162	CTime3	20.48
1164	CTime3	127.81
1164	CTime2	148.98
1164	CTime1	127.81
1166	CTime2	160.72
1166	CTime1	31.34
1166	CTime3	31.34
1167	CTime1	21.16
1167	CTime2	54.09
1167	CTime3	21.16
1168	CTime1	20.47
1168	CTime2	42.34
1168	CTime3	20.47
1169	CTime2	42.66
1169	CTime1	21.51
1169	CTime3	21.51
1170	CTime1	20.48
1170	CTime2	42.72
1170	CTime3	20.48
1171	CTime2	42.57
1171	CTime1	21.35
1171	CTime3	21.35
1172	CTime1	20.45
1172	CTime2	42.51
1172	CTime3	20.45
1173	CTime1	21.39
1173	CTime2	42.53
1173	CTime3	21.39
1174	CTime2	42.38
1174	CTime1	20.31
1174	CTime3	20.31
1175	CTime3	21.31
1175	CTime2	42.29
1175	CTime1	21.31
1176	CTime2	42.39
1176	CTime1	20.40
1176	CTime3	20.40
1177	CTime3	21.47
1177	CTime1	21.47
1177	CTime2	42.56
1178	CTime1	20.13
1178	CTime2	43.72
1178	CTime3	20.13
1179	CTime3	21.48
1179	CTime2	43.73
1179	CTime1	21.48
1180	CTime2	42.82
1180	CTime1	20.65
1180	CTime3	20.65
1181	CTime2	42.70
1181	CTime1	21.35
1181	CTime3	21.35
1182	CTime3	20.64
1182	CTime2	42.69
1182	CTime1	20.64
1183	CTime1	21.25
1183	CTime2	42.60
1183	CTime3	21.25
1184	CTime2	42.56
1184	CTime1	20.60
1184	CTime3	20.60
1185	CTime1	21.41
1185	CTime2	42.68
1185	CTime3	21.41
1186	CTime3	20.50
1186	CTime1	20.50
1186	CTime2	42.59
1187	CTime3	21.35
1187	CTime2	42.54
1187	CTime1	21.35
1188	CTime1	20.48
1188	CTime2	42.53
1188	CTime3	20.48
1189	CTime2	42.40
1189	CTime1	21.23
1189	CTime3	21.23
1190	CTime3	20.59
1190	CTime2	42.50
1190	CTime1	20.59
1191	CTime2	42.70
1191	CTime1	21.43
1191	CTime3	21.43
1192	CTime3	20.61
1192	CTime1	20.61
1192	CTime2	42.71
1193	CTime2	43.39
1193	CTime1	22.08
1193	CTime3	22.08
1194	CTime1	20.52
1194	CTime2	43.30
1194	CTime3	20.52
1195	CTime3	21.28
1195	CTime1	21.27
1195	CTime2	42.49
1196	CTime3	20.58
1196	CTime1	20.57
1196	CTime2	42.55
1197	CTime1	21.29
1197	CTime2	42.58
1197	CTime3	21.30
1198	CTime2	43.51
1198	CTime1	20.09
1198	CTime3	20.09
1199	CTime1	21.20
1199	CTime2	43.42
1199	CTime3	21.20
1200	CTime1	20.32
1200	CTime2	47.09
1200	CTime3	20.79
1201	CTime2	69.27
1201	CTime1	21.80
1201	CTime3	21.80
1202	CTime2	43.09
1202	CTime1	20.54
1202	CTime3	20.54
1203	CTime1	21.29
1203	CTime2	42.53
1203	CTime3	21.29
1204	CTime3	20.56
1204	CTime1	20.56
1204	CTime2	42.53
1205	CTime3	20.60
1205	CTime2	31.36
1205	CTime1	20.13
1206	CTime3	20.76
1206	CTime1	20.29
1206	CTime2	29.88
1207	CTime3	21.17
1207	CTime1	21.17
1207	CTime2	103.67
1208	CTime3	20.83
1208	CTime2	52.14
1208	CTime1	20.35
1209	CTime3	20.72
1209	CTime2	26.79
1209	CTime1	20.24
1210	CTime2	79.23
1210	CTime1	21.47
1210	CTime3	21.47
1211	CTime3	20.53
1211	CTime2	42.68
1211	CTime1	20.53
1212	CTime3	21.50
1212	CTime2	125.62
1212	CTime1	21.03
1213	CTime3	21.42
1213	CTime1	20.95
1213	CTime2	156.02
1214	CTime1	21.15
1214	CTime2	72.76
1214	CTime3	21.15
1215	CTime2	42.31
1215	CTime1	20.47
1215	CTime3	20.47
1216	CTime3	21.57
1216	CTime1	21.09
1216	CTime2	227.40
1217	CTime2	227.45
1217	CTime1	20.53
1217	CTime3	20.53
1218	CTime1	22.32
1218	CTime2	43.53
1218	CTime3	22.32
1219	CTime1	20.55
1219	CTime2	43.55
1219	CTime3	20.55
1220	CTime3	20.97
1220	CTime2	43.74
1220	CTime1	20.97
1222	CTime3	87.72
1222	CTime2	110.92
1222	CTime1	87.71
1224	CTime1	30.39
1224	CTime2	119.67
1224	CTime3	30.39
1225	CTime1	20.49
1225	CTime2	52.46
1225	CTime3	20.49
1226	CTime3	21.33
1226	CTime1	21.33
1226	CTime2	42.53
1227	CTime3	20.58
1227	CTime1	20.58
1227	CTime2	42.62
1228	CTime3	21.38
1228	CTime1	21.38
1228	CTime2	42.66
1229	CTime3	20.44
1229	CTime2	42.51
1229	CTime1	20.44
1230	CTime1	21.48
1230	CTime2	42.63
1230	CTime3	21.48
1231	CTime3	21.54
1231	CTime2	43.72
1231	CTime1	21.54
1232	CTime3	21.34
1232	CTime2	43.57
1232	CTime1	21.34
1233	CTime3	20.57
1233	CTime2	42.61
1233	CTime1	20.56
1234	CTime3	21.46
1234	CTime2	42.72
1234	CTime1	21.46
1235	CTime3	20.64
1235	CTime2	42.78
1235	CTime1	20.64
1236	CTime2	42.59
1236	CTime1	21.25
1236	CTime3	21.25
1237	CTime3	20.56
1237	CTime2	42.51
1237	CTime1	20.56
1238	CTime1	21.33
1238	CTime2	42.57
1238	CTime3	21.33
1239	CTime2	42.65
1239	CTime1	20.63
1239	CTime3	20.63
1240	CTime3	21.32
1240	CTime1	21.32
1240	CTime2	42.63
1241	CTime2	42.49
1241	CTime1	20.49
1241	CTime3	20.49
1242	CTime3	21.00
1242	CTime1	21.00
1242	CTime2	43.71
1243	CTime1	20.49
1243	CTime2	43.70
1243	CTime3	20.49
1244	CTime1	21.24
1244	CTime2	42.41
1244	CTime3	21.24
1245	CTime2	43.72
1245	CTime1	21.79
1245	CTime3	21.79
1246	CTime3	21.43
1246	CTime1	21.43
1246	CTime2	43.92
1247	CTime3	20.54
1247	CTime1	20.54
1247	CTime2	42.69
1248	CTime3	21.46
1248	CTime1	21.46
1248	CTime2	42.71
1249	CTime3	20.36
1249	CTime2	42.52
1249	CTime1	20.36
1250	CTime3	21.40
1250	CTime1	21.40
1250	CTime2	42.46
1251	CTime1	20.57
1251	CTime2	42.67
1251	CTime3	20.57
1252	CTime3	21.43
1252	CTime1	21.43
1252	CTime2	42.69
1253	CTime1	22.87
1253	CTime2	44.99
1253	CTime3	22.87
1254	CTime1	21.21
1254	CTime2	44.77
1254	CTime3	21.21
1255	CTime2	42.46
1255	CTime1	20.56
1255	CTime3	20.56
1256	CTime3	21.44
1256	CTime2	42.68
1256	CTime1	21.44
1257	CTime2	47.42
1257	CTime1	25.30
1257	CTime3	25.30
1258	CTime2	47.48
1258	CTime1	21.48
1258	CTime3	21.48
1259	CTime1	20.54
1259	CTime2	42.72
1259	CTime3	20.54
1261	CTime1	24.69
1261	CTime2	45.93
1261	CTime3	24.69
1263	CTime3	20.55
1263	CTime2	45.96
1263	CTime1	20.55
1264	CTime3	21.06
1264	CTime1	21.06
1264	CTime2	43.87
1265	CTime3	20.64
1265	CTime2	43.93
1265	CTime1	20.64
1266	CTime2	42.66
1266	CTime1	21.33
1266	CTime3	21.33
1267	CTime3	21.34
1267	CTime2	43.36
1267	CTime1	21.34
1268	CTime2	43.41
1268	CTime1	21.38
1268	CTime3	21.38
1269	CTime2	42.58
1269	CTime1	20.51
1269	CTime3	20.51
1270	CTime3	21.31
1270	CTime1	21.31
1270	CTime2	42.51
1271	CTime3	20.52
1271	CTime1	20.52
1271	CTime2	42.54
1272	CTime3	21.22
1272	CTime1	21.22
1272	CTime2	42.44
1273	CTime2	42.41
1273	CTime1	20.50
1273	CTime3	20.50
1274	CTime2	42.56
1274	CTime1	21.37
1274	CTime3	21.37
1275	CTime3	20.53
1275	CTime2	42.60
1275	CTime1	20.53
1276	CTime1	20.58
1276	CTime2	377.04
1276	CTime3	20.58
1277	CTime1	24.09
1277	CTime2	380.59
1277	CTime3	24.09
